stationId,locationName,lat,lon,obstime,ELEV,RAIN,MIN_10,HOUR_3,HOUR_6,HOUR_12,HOUR_24,NOW,WDIR,WDSD,TEMP,HUMD,PRES,H_24R,H_FX,H_XD,H_FXT,D_TX,D_TXT,D_TN,D_TNT,CITY,CITY_SN,TOWN,TOWN_SN,reportTime
C0A560,福山,24.778333,121.494583,2020-07-27 14:00:00,405.0,,,,,,,,305,2.9,29.5,0.97,962.5,1.0,-99,-99,-99,32.90,2020-07-27T13:40:00+08:00,21.30,2020-07-27T05:40:00+08:00,新北市,06,烏來區,061,2020-07-27 14:41:03
C0X190,安平,22.994972,120.144111,2020-07-27 14:00:00,10.0,,,,,,,,241,2.2,32.2,0.7,1005.4,0.0,-99,-99,-99,32.70,2020-07-27T13:20:00+08:00,28.10,2020-07-27T04:10:00+08:00,臺南市,04,安平區,276,2020-07-27 14:41:03
C0S950,七塊厝,22.956258,121.221844,2020-07-27 14:00:00,415.0,,,,,,,,171,2.2,29.1,0.78,961.0,0.0,-99,-99,-99,30.00,2020-07-27T10:20:00+08:00,23.50,2020-07-27T03:40:00+08:00,臺東縣,22,東河鄉,264,2020-07-27 14:41:03
C0A880,福隆,25.019167,121.934167,2020-07-27 14:00:00,6.0,,,,,,,,39,1.9,33.0,0.69,1005.7,0.0,-99,-99,-99,34.30,2020-07-27T11:30:00+08:00,24.80,2020-07-27T05:30:00+08:00,新北市,06,貢寮區,027,2020-07-27 14:41:03
C0I530,小奇萊,24.133550,121.287556,2020-07-27 14:00:00,3014.0,,,,,,,,224,3.4,12.1,0.98,-99,0.0,-99,-99,-99,15.20,2020-07-27T09:20:00+08:00,9.40,2020-07-27T05:30:00+08:00,南投縣,13,仁愛鄉,122,2020-07-27 14:41:03
C0M670,大林,23.602361,120.450281,2020-07-27 14:00:00,43.0,,,,,,,,266,1.3,34.2,0.57,1001.1,0.0,7.2,288,2020-07-27T13:02:00+08:00,35.00,2020-07-27T12:50:00+08:00,26.60,2020-07-27T05:30:00+08:00,嘉義縣,17,大林鎮,202,2020-07-27 14:41:03
C0Z061,玉里,23.323306,121.331556,2020-07-27 14:00:00,174.0,,,,,,,,156,1.2,33.6,0.58,989.8,0.0,7.3,188,2020-07-27T13:28:00+08:00,34.70,2020-07-27T11:10:00+08:00,23.40,2020-07-27T06:20:00+08:00,花蓮縣,21,玉里鎮,221,2020-07-27 14:41:03
C0M730,嘉義市東區,23.459414,120.452408,2020-07-27 14:00:00,40.0,,,,,,,,262,2.3,33.5,0.6,1001.2,0.0,-99,-99,-99,35.50,2020-07-27T13:20:00+08:00,25.60,2020-07-27T05:20:00+08:00,嘉義市,09,東區,217,2020-07-27 14:41:03
C0U750,龜山島,24.843392,121.944947,2020-07-27 14:00:00,398.0,,,,,,,,162,1.3,26.6,0.98,963.8,0.0,-99,-99,-99,29.00,2020-07-27T12:40:00+08:00,24.00,2020-07-27T03:10:00+08:00,宜蘭縣,07,頭城鎮,051,2020-07-27 14:41:03
C0A650,火燒寮,25.004411,121.734572,2020-07-27 14:00:00,287.0,,,,,,,,36,1.3,26.3,0.69,976.0,0.0,-99,-99,-99,30.60,2020-07-27T09:50:00+08:00,18.50,2020-07-27T05:40:00+08:00,新北市,06,平溪區,029,2020-07-27 14:41:03
C0K400,斗六,23.722303,120.532972,2020-07-27 14:00:00,65.0,,,,,,,,257,3.7,33.8,0.59,999.7,0.0,-99,-99,-99,34.40,2020-07-27T12:50:00+08:00,25.60,2020-07-27T06:00:00+08:00,雲林縣,16,斗六市,355,2020-07-27 14:41:03
C0I370,魚池,23.897478,120.933219,2020-07-27 14:00:00,671.0,,,,,,,,37,1.5,29.6,0.57,934.6,0.0,-99,-99,-99,30.60,2020-07-27T13:40:00+08:00,20.70,2020-07-27T04:40:00+08:00,南投縣,13,魚池鄉,164,2020-07-27 14:41:03
C0S750,向陽,23.250000,120.978056,2020-07-27 14:00:00,2280.0,,,,,,,,0,0.0,18.3,0.91,773.3,0.0,-99,-99,-99,22.60,2020-07-27T11:20:00+08:00,11.70,2020-07-27T03:00:00+08:00,臺東縣,22,海端鄉,240,2020-07-27 14:41:03
C0R650,竹田,22.586642,120.535392,2020-07-27 14:00:00,29.0,,,,,,,,161,2.1,31.8,0.71,1005.1,0.0,-99,-99,-99,32.80,2020-07-27T11:00:00+08:00,25.80,2020-07-27T05:20:00+08:00,屏東縣,20,竹田鄉,322,2020-07-27 14:41:03
C0E740,造橋,24.638750,120.856583,2020-07-27 14:00:00,27.0,,,,,,,,255,2.0,31.9,0.7,1003.8,0.0,8.5,224,2020-07-27T13:34:00+08:00,35.70,2020-07-27T11:00:00+08:00,25.40,2020-07-27T05:20:00+08:00,苗栗縣,11,造橋鄉,090,2020-07-27 14:41:03
C0AI20,白沙灣,25.284903,121.510814,2020-07-27 14:00:00,25.0,,,,,,,,302,2.7,31.1,0.69,1004.9,0.0,-99,-99,-99,32.00,2020-07-27T12:20:00+08:00,26.00,2020-07-27T03:50:00+08:00,新北市,06,石門區,001,2020-07-27 14:41:03
C0E550,明德,24.585250,120.877222,2020-07-27 14:00:00,84.0,,,,,,,,249,2.0,31.2,0.59,997.2,0.0,-99,-99,-99,34.40,2020-07-27T11:30:00+08:00,24.80,2020-07-27T05:30:00+08:00,苗栗縣,11,頭屋鄉,094,2020-07-27 14:41:03
C0X060,下營,23.228686,120.248153,2020-07-27 14:00:00,19.0,,,,,,,,272,4.3,33.1,0.65,1006.2,1.5,-99,-99,-99,34.30,2020-07-27T13:10:00+08:00,25.50,2020-07-27T05:30:00+08:00,臺南市,04,下營區,242,2020-07-27 14:41:03
C0R510,萬丹,22.589611,120.482389,2020-07-27 14:00:00,31.0,,,,,,,,205,2.5,33.3,0.58,1003.2,0.0,-99,-99,-99,33.60,2020-07-27T13:30:00+08:00,26.60,2020-07-27T05:50:00+08:00,屏東縣,20,萬丹鄉,327,2020-07-27 14:41:03
C0AC60,三峽,24.940806,121.361500,2020-07-27 14:00:00,55.0,,,,,,,,8,1.6,32.2,0.63,1000.4,4.5,-99,-99,-99,36.20,2020-07-27T12:20:00+08:00,25.70,2020-07-27T05:40:00+08:00,新北市,06,三峽區,057,2020-07-27 14:41:03
C0UA70,桃源谷,24.964408,121.880658,2020-07-27 14:00:00,547.0,,,,,,,,87,1.3,27.7,0.99,948.5,0.0,-99,-99,-99,32.80,2020-07-27T12:20:00+08:00,23.40,2020-07-27T05:00:00+08:00,宜蘭縣,07,頭城鎮,051,2020-07-27 14:41:03
C0G740,大城,23.854225,120.312789,2020-07-27 14:00:00,24.0,,,,,,,,272,3.7,32.9,0.64,1004.0,0.0,-99,-99,-99,33.70,2020-07-27T13:40:00+08:00,26.40,2020-07-27T06:10:00+08:00,彰化縣,14,大城鄉,169,2020-07-27 14:41:03
C0F9N0,大里,24.094389,120.692194,2020-07-27 14:00:00,75.0,,,,,,,,274,3.1,33.8,0.6,997.9,0.0,-99,-99,-99,35.10,2020-07-27T12:40:00+08:00,26.50,2020-07-27T04:50:00+08:00,臺中市,02,大里區,141,2020-07-27 14:41:03
C0F9T0,西屯,24.182028,120.632861,2020-07-27 14:00:00,111.0,,,,,,,,271,2.4,33.0,0.63,994.2,0.0,-99,-99,-99,33.70,2020-07-27T12:00:00+08:00,26.70,2020-07-27T06:00:00+08:00,臺中市,02,西屯區,125,2020-07-27 14:41:03
C0S710,鹿野,22.919517,121.114908,2020-07-27 14:00:00,382.0,,,,,,,,180,1.4,32.2,0.64,965.9,0.0,-99,-99,-99,32.20,2020-07-27T14:00:00+08:00,23.30,2020-07-27T06:40:00+08:00,臺東縣,22,鹿野鄉,274,2020-07-27 14:41:03
C0M680,太保,23.456792,120.323303,2020-07-27 14:00:00,37.0,,,,,,,,266,2.1,33.4,0.62,1004.0,0.0,-99,-99,-99,34.00,2020-07-27T13:30:00+08:00,26.50,2020-07-27T05:40:00+08:00,嘉義縣,17,太保市,218,2020-07-27 14:41:03
C0X220,學甲,23.232100,120.174072,2020-07-27 14:00:00,26.0,,,,,,,,259,3.3,31.2,0.68,1003.8,0.0,-99,-99,-99,32.50,2020-07-27T09:50:00+08:00,26.40,2020-07-27T04:40:00+08:00,臺南市,04,學甲區,239,2020-07-27 14:41:03
C0R560,新園,22.545194,120.453500,2020-07-27 14:00:00,22.0,,,,,,,,186,2.0,32.6,0.7,1005.2,0.0,-99,-99,-99,33.00,2020-07-27T10:10:00+08:00,26.50,2020-07-27T03:10:00+08:00,屏東縣,20,新園鄉,333,2020-07-27 14:41:03
C0F9P0,清水,24.314028,120.554083,2020-07-27 14:00:00,26.0,,,,,,,,285,4.1,32.2,0.75,1004.3,0.0,10.8,267,2020-07-27T13:23:00+08:00,33.70,2020-07-27T11:00:00+08:00,28.40,2020-07-27T06:00:00+08:00,臺中市,02,清水區,112,2020-07-27 14:41:03
C0O970,虎頭埤,23.023139,120.339806,2020-07-27 14:00:00,71.0,,,,,,,,242,2.6,34.0,0.62,999.7,0.0,-99,-99,-99,34.90,2020-07-27T13:50:00+08:00,24.80,2020-07-27T05:30:00+08:00,臺南市,04,新化區,267,2020-07-27 14:41:03
C0F0B0,石岡,24.277822,120.769478,2020-07-27 14:00:00,311.0,,,,,,,,292,3.1,30.3,0.75,972.4,0.0,-99,-99,-99,32.40,2020-07-27T12:20:00+08:00,22.80,2020-07-27T05:10:00+08:00,臺中市,02,石岡區,116,2020-07-27 14:41:03
C0R700,枋山,22.248639,120.653058,2020-07-27 14:00:00,19.0,,,,,,,,222,1.7,31.1,0.71,1005.7,0.0,-99,-99,-99,31.90,2020-07-27T13:10:00+08:00,25.90,2020-07-27T05:30:00+08:00,屏東縣,20,枋山鄉,346,2020-07-27 14:41:03
C0R780,滿州,22.026208,120.831875,2020-07-27 14:00:00,72.0,,,,,,,,234,3.8,31.9,0.65,1001.3,0.0,-99,-99,-99,32.50,2020-07-27T13:30:00+08:00,25.40,2020-07-27T05:50:00+08:00,屏東縣,20,滿州鄉,348,2020-07-27 14:41:03
C0R620,墾雷,21.902650,120.847244,2020-07-27 14:00:00,34.0,,,,,,,,263,2.7,31.4,0.73,1004.8,0.0,-99,-99,-99,33.10,2020-07-27T10:10:00+08:00,28.70,2020-07-27T05:10:00+08:00,屏東縣,20,恆春鎮,350,2020-07-27 14:41:03
C0C660,楊梅,24.914139,121.134833,2020-07-27 14:00:00,176.0,,,,,,,,279,1.9,31.9,0.67,987.5,0.0,8.3,297,2020-07-27T13:45:00+08:00,33.70,2020-07-27T10:30:00+08:00,26.30,2020-07-27T05:40:00+08:00,桃園市,08,楊梅區,056,2020-07-27 14:41:03
C0SA10,檳榔四格山,22.811789,121.101247,2020-07-27 14:00:00,411.0,,,,,,,,168,0.9,29.8,0.74,962.4,0.0,-99,-99,-99,31.00,2020-07-27T09:40:00+08:00,23.90,2020-07-27T00:10:00+08:00,臺東縣,22,卑南鄉,289,2020-07-27 14:41:03
C0M740,六腳,23.494611,120.282500,2020-07-27 14:00:00,15.0,,,,,,,,257,4.3,32.4,0.63,1004.3,0.0,-99,-99,-99,33.40,2020-07-27T10:40:00+08:00,26.50,2020-07-27T03:40:00+08:00,嘉義縣,17,六腳鄉,214,2020-07-27 14:41:03
C0K460,斗南,23.680478,120.470231,2020-07-27 14:00:00,60.0,,,,,,,,269,5.1,33.7,0.57,998.7,0.0,-99,-99,-99,34.20,2020-07-27T12:40:00+08:00,26.40,2020-07-27T05:40:00+08:00,雲林縣,16,斗南鎮,193,2020-07-27 14:41:03
C0X100,臺南市北區,23.012167,120.186333,2020-07-27 14:00:00,10.0,,,,,,,,251,3.3,32.8,0.55,1004.1,0.0,-99,-99,-99,33.50,2020-07-27T12:40:00+08:00,28.50,2020-07-27T05:30:00+08:00,臺南市,04,北區,357,2020-07-27 14:41:03
C0R150,三地門,22.711667,120.631889,2020-07-27 14:00:00,105.0,,,,,,,,213,1.8,32.9,0.59,994.3,0.0,-99,-99,-99,35.40,2020-07-27T11:20:00+08:00,25.50,2020-07-27T05:40:00+08:00,屏東縣,20,內埔鄉,310,2020-07-27 14:41:03
C0S690,太麻里,22.610825,120.977275,2020-07-27 14:00:00,522.0,,,,,,,,197,1.2,30.6,0.74,949.6,0.0,-99,-99,-99,33.50,2020-07-27T12:30:00+08:00,25.00,2020-07-27T05:40:00+08:00,臺東縣,22,太麻里鄉,312,2020-07-27 14:41:03
C0U870,大礁溪,24.792836,121.666839,2020-07-27 14:00:00,474.0,,,,,,,,43,0.5,26.3,0.87,956.3,2.0,-99,-99,-99,30.70,2020-07-27T11:30:00+08:00,23.90,2020-07-27T04:20:00+08:00,宜蘭縣,07,礁溪鄉,065,2020-07-27 14:41:03
C0A520,山佳,24.976719,121.393789,2020-07-27 14:00:00,48.0,,,,,,,,10,1.9,30.0,0.82,1001.8,18.0,-99,-99,-99,34.80,2020-07-27T12:20:00+08:00,25.70,2020-07-27T05:40:00+08:00,新北市,06,樹林區,046,2020-07-27 14:41:03
C0X130,官田,23.195028,120.307528,2020-07-27 14:00:00,27.0,,,,,,,,260,2.9,33.3,0.65,1002.9,0.0,-99,-99,-99,34.60,2020-07-27T12:10:00+08:00,26.00,2020-07-27T04:40:00+08:00,臺南市,04,官田區,248,2020-07-27 14:41:03
C0V400,阿公店,22.805944,120.347444,2020-07-27 14:00:00,56.0,,,,,,,,249,3.8,32.3,0.63,1000.0,0.0,-99,-99,-99,32.80,2020-07-27T13:20:00+08:00,26.40,2020-07-27T05:50:00+08:00,高雄市,05,燕巢區,296,2020-07-27 14:41:03
C0UA40,西德山,24.562447,121.744417,2020-07-27 14:00:00,1121.0,,,,,,,,336,1.5,21.2,0.99,887.7,40.5,6.8,10,2020-07-27T13:56:00+08:00,27.40,2020-07-27T08:40:00+08:00,20.10,2020-07-27T00:40:00+08:00,宜蘭縣,07,南澳鄉,093,2020-07-27 14:41:03
C0G720,溪州,23.853347,120.490944,2020-07-27 14:00:00,50.0,,,,,,,,273,3.4,33.4,0.58,1000.4,0.0,8.9,232,2020-07-27T13:17:00+08:00,34.10,2020-07-27T13:40:00+08:00,25.80,2020-07-27T05:20:00+08:00,彰化縣,14,溪州鄉,174,2020-07-27 14:41:03
C0I540,奇萊稜線A,24.111019,121.318297,2020-07-27 14:00:00,3344.0,,,,,,,,-99,-99,10.8,1,684.4,-99,-99,-99,-99,13.70,2020-07-27T10:00:00+08:00,7.10,2020-07-27T03:50:00+08:00,南投縣,13,仁愛鄉,122,2020-07-27 14:41:03
C0K390,土庫,23.680772,120.387436,2020-07-27 14:00:00,31.0,,,,,,,,275,4.7,33.2,0.58,1003.1,0.0,-99,-99,-99,33.80,2020-07-27T12:20:00+08:00,26.60,2020-07-27T04:50:00+08:00,雲林縣,16,土庫鎮,189,2020-07-27 14:41:03
C0R730,大坪頂,22.026433,120.685536,2020-07-27 14:00:00,163.0,,,,,,,,273,0.8,30.4,0.7,990.0,1.5,-99,-99,-99,30.40,2020-07-27T14:00:00+08:00,25.80,2020-07-27T10:00:00+08:00,屏東縣,20,恆春鎮,350,2020-07-27 14:41:03
C0T9A0,月眉山,23.811736,121.531686,2020-07-27 14:00:00,498.0,,,,,,,,155,2.0,27.6,0.93,953.3,0.0,-99,-99,-99,29.50,2020-07-27T11:50:00+08:00,23.30,2020-07-27T00:50:00+08:00,花蓮縣,21,壽豐鄉,161,2020-07-27 14:41:03
C0AH40,平等,25.130925,121.568856,2020-07-27 14:00:00,426.0,,,,,,,,336,0.5,27.0,1,959.0,1.5,-99,-99,-99,32.30,2020-07-27T12:10:00+08:00,24.80,2020-07-27T03:50:00+08:00,臺北市,01,士林區,007,2020-07-27 14:41:03
C0X280,將軍,23.216733,120.127656,2020-07-27 14:00:00,22.0,,,,,,,,253,4.1,31.3,0.71,1004.8,0.0,-99,-99,-99,32.10,2020-07-27T13:40:00+08:00,27.10,2020-07-27T05:40:00+08:00,臺南市,04,將軍區,245,2020-07-27 14:41:03
C0V620,永安,22.824944,120.228806,2020-07-27 14:00:00,18.0,,,,,,,,229,2.8,31.8,0.79,1005.2,0.0,-99,-99,-99,32.80,2020-07-27T12:30:00+08:00,27.90,2020-07-27T05:50:00+08:00,高雄市,05,永安區,293,2020-07-27 14:41:03
C0H960,草屯,23.975444,120.672194,2020-07-27 14:00:00,120.0,,,,,,,,181,0.9,34.0,0.61,991.9,0.0,-99,-99,-99,34.50,2020-07-27T13:30:00+08:00,24.90,2020-07-27T05:20:00+08:00,南投縣,13,草屯鎮,152,2020-07-27 14:41:03
C0M530,奮起湖,23.495833,120.691111,2020-07-27 14:00:00,1385.0,,,,,,,,227,0.7,25.8,0.78,866.4,0.0,-99,-99,-99,25.80,2020-07-27T14:00:00+08:00,17.50,2020-07-27T03:40:00+08:00,嘉義縣,17,竹崎鄉,215,2020-07-27 14:41:03
C0R170,屏東,22.661944,120.483611,2020-07-27 14:00:00,26.0,,,,,,,,197,0.8,33.1,0.58,1004.7,0.0,-99,-99,-99,34.70,2020-07-27T12:40:00+08:00,25.00,2020-07-27T04:30:00+08:00,屏東縣,20,屏東市,309,2020-07-27 14:41:03
C0I420,國姓,24.039567,120.846925,2020-07-27 14:00:00,305.0,,,,,,,,224,2.0,33.9,0.53,972.5,0.0,-99,-99,-99,34.50,2020-07-27T13:20:00+08:00,22.50,2020-07-27T05:40:00+08:00,南投縣,13,國姓鄉,139,2020-07-27 14:41:03
C0A640,石碇,24.995758,121.654639,2020-07-27 14:00:00,241.0,,,,,,,,299,1.1,29.6,0.75,983.3,0.0,-99,-99,-99,32.20,2020-07-27T13:10:00+08:00,23.70,2020-07-27T05:50:00+08:00,新北市,06,石碇區,040,2020-07-27 14:41:03
C0A930,三和,25.234933,121.586997,2020-07-27 14:00:00,216.0,,,,,,,,322,1.3,27.5,1,982.0,7.5,-99,-99,-99,31.80,2020-07-27T10:00:00+08:00,24.30,2020-07-27T05:30:00+08:00,新北市,06,金山區,003,2020-07-27 14:41:03
C0F9M0,豐原,24.256306,120.712333,2020-07-27 14:00:00,230.0,,,,,,,,281,1.7,31.4,0.6,980.6,0.0,6.9,285,2020-07-27T13:41:00+08:00,33.10,2020-07-27T11:30:00+08:00,26.50,2020-07-27T05:00:00+08:00,臺中市,02,豐原區,117,2020-07-27 14:41:03
C0AC40,大屯山,25.177333,121.514167,2020-07-27 14:00:00,1079.0,,,,,,,,274,3.5,23.4,0.95,891.6,0.0,-99,-99,-99,28.30,2020-07-27T10:40:00+08:00,20.80,2020-07-27T05:40:00+08:00,臺北市,01,北投區,006,2020-07-27 14:41:03
C0AI00,五股,25.076228,121.419053,2020-07-27 14:00:00,188.0,,,,,,,,334,2.7,26.9,0.96,987.7,25.0,-99,-99,-99,33.90,2020-07-27T12:00:00+08:00,25.50,2020-07-27T04:30:00+08:00,新北市,06,五股區,017,2020-07-27 14:41:03
C0T9M0,靜浦,23.456944,121.486667,2020-07-27 14:00:00,92.0,,,,,,,,165,6.2,32.1,0.74,997.8,0.0,12.2,172,2020-07-27T13:50:00+08:00,33.50,2020-07-27T09:30:00+08:00,25.10,2020-07-27T06:00:00+08:00,花蓮縣,21,豐濱鄉,188,2020-07-27 14:41:03
C0S960,香蘭,22.589372,120.985322,2020-07-27 14:00:00,32.0,,,,,,,,193,3.6,31.5,0.76,1003.7,0.0,-99,-99,-99,32.60,2020-07-27T12:50:00+08:00,28.10,2020-07-27T05:40:00+08:00,臺東縣,22,太麻里鄉,312,2020-07-27 14:41:03
C0K430,褒忠,23.692672,120.295503,2020-07-27 14:00:00,30.0,,,,,,,,247,4.3,32.6,0.61,1004.3,0.0,-99,-99,-99,33.10,2020-07-27T13:50:00+08:00,26.80,2020-07-27T06:00:00+08:00,雲林縣,16,褒忠鄉,191,2020-07-27 14:41:03
C0Z170,卓溪,23.346047,121.295197,2020-07-27 14:00:00,199.0,,,,,,,,124,0.7,34.6,0.54,985.9,0.0,-99,-99,-99,34.60,2020-07-27T14:00:00+08:00,22.80,2020-07-27T05:30:00+08:00,花蓮縣,21,卓溪鄉,207,2020-07-27 14:41:03
C0Z100,東華,23.897056,121.541694,2020-07-27 14:00:00,36.0,,,,,,,,146,1.4,33.8,0.59,1004.9,0.0,-99,-99,-99,34.80,2020-07-27T12:30:00+08:00,24.20,2020-07-27T05:20:00+08:00,花蓮縣,21,壽豐鄉,161,2020-07-27 14:41:03
C0U710,太平山,24.507222,121.517500,2020-07-27 14:00:00,1942.0,,,,,,,,0,0.1,17.4,0.99,807.8,4.5,-99,-99,-99,19.40,2020-07-27T09:20:00+08:00,15.30,2020-07-27T05:30:00+08:00,宜蘭縣,07,大同鄉,081,2020-07-27 14:41:03
C0SA30,都歷,23.022142,121.315558,2020-07-27 14:00:00,92.0,,,,,,,,182,4.0,31.4,0.74,998.2,0.0,-99,-99,-99,31.90,2020-07-27T13:20:00+08:00,27.20,2020-07-27T01:20:00+08:00,臺東縣,22,成功鎮,258,2020-07-27 14:41:03
C0V500,旗津,22.590417,120.277889,2020-07-27 14:00:00,6.0,,,,,,,,229,1.1,32.9,0.75,1005.9,5.0,-99,-99,-99,32.90,2020-07-27T14:00:00+08:00,27.00,2020-07-27T07:50:00+08:00,高雄市,05,旗津區,329,2020-07-27 14:41:03
CM0160,南投服務區,23.902453,120.704053,2020-07-27 14:00:00,159.0,,,,,,,,-99,-99,-99,-99,-99,-99,-99,-99,-99,-999.00,2020-07-27T12:20:00+08:00,-999.00,2020-07-27T05:40:00+08:00,南投縣,13,南投市,160,2020-07-27 14:41:03
C0V350,溪埔,22.740278,120.438611,2020-07-27 14:00:00,36.0,,,,,,,,332,0.5,29.1,0.87,1004.2,5.5,-99,-99,-99,35.40,2020-07-27T12:20:00+08:00,25.10,2020-07-27T05:10:00+08:00,高雄市,05,大樹區,300,2020-07-27 14:41:03
C0W120,西嶼,23.564311,119.460328,2020-07-27 14:00:00,58.0,,,,,,,,205,2.8,31.3,0.74,1000.9,0.0,-99,-99,-99,31.30,2020-07-27T14:00:00+08:00,26.70,2020-07-27T06:00:00+08:00,澎湖縣,23,西嶼鄉,200,2020-07-27 14:41:03
C0R470,高樹,22.828222,120.592722,2020-07-27 14:00:00,103.0,,,,,,,,201,2.7,33.3,0.57,996.2,0.0,-99,-99,-99,34.00,2020-07-27T12:30:00+08:00,25.60,2020-07-27T05:10:00+08:00,屏東縣,20,高樹鄉,290,2020-07-27 14:41:03
C0M770,嘉義梅山,23.587147,120.547464,2020-07-27 14:00:00,164.0,,,,,,,,239,2.3,32.2,0.66,987.9,0.0,-99,-99,-99,34.00,2020-07-27T13:00:00+08:00,26.10,2020-07-27T05:10:00+08:00,嘉義縣,17,梅山鄉,210,2020-07-27 14:41:03
C0S930,延平,22.904381,121.075983,2020-07-27 14:00:00,248.0,,,,,,,,102,1.8,31.5,0.65,980.2,0.0,7.9,183,2020-07-27T13:02:00+08:00,32.20,2020-07-27T11:00:00+08:00,24.30,2020-07-27T06:50:00+08:00,臺東縣,22,延平鄉,280,2020-07-27 14:41:03
C0F9Y0,桃山A,24.434519,121.295628,2020-07-27 14:00:00,3313.0,,,,,,,,174,1.2,10.3,0.99,687.5,3.5,-99,-99,-99,15.90,2020-07-27T10:30:00+08:00,7.70,2020-07-27T05:40:00+08:00,臺中市,02,和平區,104,2020-07-27 14:41:03
C0E790,卓蘭,24.314833,120.816194,2020-07-27 14:00:00,344.0,,,,,,,,286,3.4,30.1,0.87,968.2,8.5,-99,-99,-99,33.70,2020-07-27T12:50:00+08:00,23.50,2020-07-27T05:40:00+08:00,苗栗縣,11,卓蘭鎮,109,2020-07-27 14:41:03
C0O810,曾文,23.221472,120.489222,2020-07-27 14:00:00,161.0,,,,,,,,267,0.6,33.1,0.73,989.4,0.0,-99,-99,-99,34.10,2020-07-27T11:40:00+08:00,23.70,2020-07-27T06:00:00+08:00,臺南市,04,楠西區,246,2020-07-27 14:41:03
C0R520,崁頂,22.516639,120.498972,2020-07-27 14:00:00,18.0,,,,,,,,223,2.6,32.8,0.7,1005.2,0.0,-99,-99,-99,33.20,2020-07-27T12:20:00+08:00,26.90,2020-07-27T05:30:00+08:00,屏東縣,20,崁頂鄉,334,2020-07-27 14:41:03
C0G880,二水,23.812778,120.609028,2020-07-27 14:00:00,92.0,,,,,,,,272,1.6,33.8,0.57,996.7,0.0,-99,-99,-99,34.50,2020-07-27T12:50:00+08:00,24.60,2020-07-27T04:50:00+08:00,彰化縣,14,二水鄉,177,2020-07-27 14:41:03
C0R260,春日,22.372167,120.620250,2020-07-27 14:00:00,76.0,,,,,,,,0,0.2,31.5,0.72,998.5,0.0,-99,-99,-99,33.60,2020-07-27T13:00:00+08:00,26.30,2020-07-27T01:30:00+08:00,屏東縣,20,春日鄉,343,2020-07-27 14:41:03
C0U950,鶯子嶺,24.899333,121.784231,2020-07-27 14:00:00,1012.0,,,,,,,,101,2.3,22.9,1,900.2,3.5,-99,-99,-99,26.80,2020-07-27T11:30:00+08:00,21.40,2020-07-27T05:00:00+08:00,宜蘭縣,07,頭城鎮,051,2020-07-27 14:41:03
C0O860,大內,23.120611,120.352750,2020-07-27 14:00:00,38.0,,,,,,,,238,1.1,31.0,0.92,1001.9,0.5,-99,-99,-99,34.00,2020-07-27T12:00:00+08:00,25.70,2020-07-27T04:10:00+08:00,臺南市,04,大內區,252,2020-07-27 14:41:03
C0R320,車城,22.075833,120.708056,2020-07-27 14:00:00,7.0,,,,,,,,265,1.0,31.8,0.72,1007.2,7.0,-99,-99,-99,31.80,2020-07-27T14:00:00+08:00,25.80,2020-07-27T05:40:00+08:00,屏東縣,20,車城鄉,349,2020-07-27 14:41:03
C0S980,勝林山,22.432239,120.885742,2020-07-27 14:00:00,901.0,,,,,,,,0,0.0,26.2,0.94,908.9,1.0,-99,-99,-99,30.40,2020-07-27T12:20:00+08:00,22.30,2020-07-27T04:00:00+08:00,臺東縣,22,達仁鄉,337,2020-07-27 14:41:03
C0X110,臺南市南區,22.963028,120.180417,2020-07-27 14:00:00,20.0,,,,,,,,257,2.9,32.2,0.69,1005.1,0.0,-99,-99,-99,32.60,2020-07-27T13:40:00+08:00,27.40,2020-07-27T05:30:00+08:00,臺南市,04,南區,281,2020-07-27 14:41:03
C0V310,美濃,22.900556,120.511111,2020-07-27 14:00:00,46.0,,,,,,,,222,2.4,28.9,0.81,1001.7,3.5,-99,-99,-99,34.20,2020-07-27T12:00:00+08:00,25.00,2020-07-27T05:50:00+08:00,高雄市,05,美濃區,282,2020-07-27 14:41:03
C0G620,芬園,24.017222,120.613056,2020-07-27 14:00:00,110.0,,,,,,,,298,2.7,33.9,0.62,994.4,0.0,-99,-99,-99,35.20,2020-07-27T11:50:00+08:00,23.90,2020-07-27T05:00:00+08:00,彰化縣,14,芬園鄉,148,2020-07-27 14:41:03
C0AD50,鶯歌,24.953000,121.337250,2020-07-27 14:00:00,84.0,,,,,,,,305,3.9,32.6,0.69,997.5,0.0,-99,-99,-99,34.20,2020-07-27T11:00:00+08:00,25.90,2020-07-27T05:30:00+08:00,新北市,06,鶯歌區,054,2020-07-27 14:41:03
C0A9A0,大直,25.079722,121.534722,2020-07-27 14:00:00,24.0,,,,,,,,118,2.8,29.3,0.77,1004.8,0.5,8.8,314,2020-07-27T13:21:00+08:00,34.70,2020-07-27T12:10:00+08:00,26.80,2020-07-27T05:50:00+08:00,臺北市,01,中山區,026,2020-07-27 14:41:03
C0O830,北寮,23.081611,120.486944,2020-07-27 14:00:00,127.0,,,,,,,,247,1.5,35.4,0.62,993.0,0.0,-99,-99,-99,35.50,2020-07-27T13:10:00+08:00,23.50,2020-07-27T05:50:00+08:00,臺南市,04,南化區,244,2020-07-27 14:41:03
C0S760,紅石,23.071389,121.120000,2020-07-27 14:00:00,1621.0,,,,,,,,162,1.4,20.3,1,838.0,0.0,-99,-99,-99,22.60,2020-07-27T11:30:00+08:00,17.90,2020-07-27T03:40:00+08:00,臺東縣,22,海端鄉,240,2020-07-27 14:41:03
C0X160,仁德,22.970111,120.249778,2020-07-27 14:00:00,26.0,,,,,,,,234,4.3,32.7,0.66,1003.6,0.0,-99,-99,-99,32.90,2020-07-27T12:00:00+08:00,26.30,2020-07-27T04:50:00+08:00,臺南市,04,仁德區,279,2020-07-27 14:41:03
C0C490,八德,24.930528,121.275000,2020-07-27 14:00:00,157.0,,,,,,,,326,2.1,31.4,0.66,989.1,0.0,-99,-99,-99,34.80,2020-07-27T11:50:00+08:00,26.40,2020-07-27T06:00:00+08:00,桃園市,08,八德區,052,2020-07-27 14:41:03
C0F970,大坑,24.174889,120.714139,2020-07-27 14:00:00,145.0,,,,,,,,271,2.7,32.3,0.61,989.4,0.0,-99,-99,-99,33.80,2020-07-27T12:50:00+08:00,25.00,2020-07-27T03:50:00+08:00,臺中市,02,北屯區,124,2020-07-27 14:41:03
C0R440,大漢山,22.405861,120.745083,2020-07-27 14:00:00,1679.0,,,,,,,,263,1.8,20.0,1,832.9,3.0,-99,-99,-99,21.10,2020-07-27T12:40:00+08:00,17.30,2020-07-27T05:40:00+08:00,屏東縣,20,春日鄉,343,2020-07-27 14:41:03
C0M690,水上,23.421475,120.380792,2020-07-27 14:00:00,33.0,,,,,,,,233,5.0,30.4,0.73,1001.9,0.0,10.2,227,2020-07-27T13:57:00+08:00,33.80,2020-07-27T13:20:00+08:00,25.20,2020-07-27T05:50:00+08:00,嘉義縣,17,水上鄉,223,2020-07-27 14:41:03
C0V690,鼓山,22.625139,120.267500,2020-07-27 14:00:00,30.0,,,,,,,,239,3.4,32.1,0.72,1004.4,0.0,-99,-99,-99,32.20,2020-07-27T13:00:00+08:00,28.00,2020-07-27T08:00:00+08:00,高雄市,05,鼓山區,316,2020-07-27 14:41:03
